0,16,intro,i1,a
16,33,exp,1st,b
36,57,exp,tr,b'
59,67,exp,2nd,c
67,74,exp,2nd,c
74,89,exp,2nd,d
88,108.33333333333333,dev,d1,b''
108,164.33333333333334,dev,rtr,e
164,181,rec,1st,b
180,201,rec,tr,b''
203,211,rec,2nd,c
211,218,rec,2nd,c
218,237,rec,2nd,d'
236,276,rec,coda,b'''
